[
  {
    "floor": "11F",
    "rooms": [
      {"CO": {"S":"Storage/Working Area"},
        "E1": {"label": "Select EAM ","Range": {"1": "EAM"}},
        "E2": {"label": "Enter Seat Number", "Range": 
              ["EAM Area"]
              },
        "D1": "SW_"
        }
    ]
  },  
  {
    "floor": "6F",
    "rooms": [
      {"CO": {"S":"Storage/Working Area"},
        "E1": {"label": "Select NOC ","Range": {"1": "NOC"}},
        "E2": {"label": "Enter Seat Number", "Range": 
              ["NOC Area"]
              },
        "D1": "SW_"
        }
    ]
  }
  
]